{
    "utmepsg": 32618,
    "transformations": [
        {
            "score": 0.9704940985389529,
            "matrix": [
                [
                    1.2646749402378445,
                    0.5061229312848596,
                    -3.171010551020922,
                    336719.36677696527
                ],
                [
                    3.210927917832451,
                    -0.15946109048360624,
                    1.25514346105532,
                    4336720.868502181
                ],
                [
                    0.03755321501413488,
                    -3.410174893149528,
                    -0.5293186749633294,
                    0.3347888351901619
                ],
                [
                    0.0,
                    0.0,
                    0.0,
                    1.0
                ]
            ],
            "label": "match_0_score_0.9705, match_1_score_0.9676"
        },
        {
            "score": 0.9532803844916364,
            "matrix": [
                [
                    2.553968823318784,
                    -0.1263683416019834,
                    0.9953321337434643,
                    336600.3236257042
                ],
                [
                    -1.0028776269530055,
                    -0.4025369410935489,
                    2.522223669922642,
                    4336766.023621652
                ],
                [
                    0.029857655277351437,
                    -2.7113477862498008,
                    -0.42084850852239625,
                    0.2661825259981448
                ],
                [
                    0.0,
                    0.0,
                    0.0,
                    1.0
                ]
            ],
            "label": "match_2_score_0.9533"
        },
        {
            "score": 0.9496319541503503,
            "matrix": [
                [
                    -0.4851989585588649,
                    -0.21382221022618098,
                    1.3431423936533522,
                    336607.34884924785
                ],
                [
                    -1.3599649053999532,
                    0.05980084884215861,
                    -0.481755924882846,
                    4336752.616809524
                ],
                [
                    0.0157139244147125,
                    -1.426967850601658,
                    -0.22149032104278668,
                    0.140090440967243
                ],
                [
                    0.0,
                    0.0,
                    0.0,
                    1.0
                ]
            ],
            "label": "match_3_score_0.9496, match_6_score_0.8044, match_7_score_0.8009"
        },
        {
            "score": 0.9292987354924672,
            "matrix": [
                [
                    -1.998450490642804,
                    0.11006123287212964,
                    -0.8508603896339647,
                    336710.6423906462
                ],
                [
                    0.8576227967079744,
                    0.315764122713364,
                    -1.9734886365403053,
                    4336716.08425218
                ],
                [
                    0.023666776020352553,
                    -2.1491594090152195,
                    -0.3335870582327425,
                    0.21099052034767093
                ],
                [
                    0.0,
                    0.0,
                    0.0,
                    1.0
                ]
            ],
            "label": "match_4_score_0.9293, match_9_score_0.7911, match_10_score_0.7826"
        },
        {
            "score": 0.8327998103979647,
            "matrix": [
                [
                    5.91835674083469,
                    -0.28038672225333816,
                    2.226297955388373,
                    336574.1234934413
                ],
                [
                    -2.2428276746534674,
                    -0.9319332146586913,
                    5.8449285981259225,
                    4336753.843309961
                ],
                [
                    0.06887177935077807,
                    -6.254186564323595,
                    -0.9707589343442119,
                    0.6139954402743436
                ],
                [
                    0.0,
                    0.0,
                    0.0,
                    1.0
                ]
            ],
            "label": "match_5_score_0.8328"
        },
        {
            "score": 0.796933900535801,
            "matrix": [
                [
                    1.229060257611654,
                    -0.058726036351442155,
                    0.4655441617969831,
                    336710.5550662604
                ],
                [
                    -0.469015129275806,
                    -0.19356873737397406,
                    1.213806073139806,
                    4336739.034329794
                ],
                [
                    0.014315112266603548,
                    -1.2999429323378495,
                    -0.2017738362496485,
                    0.12761995902477877
                ],
                [
                    0.0,
                    0.0,
                    0.0,
                    1.0
                ]
            ],
            "label": "match_8_score_0.7969"
        },
        {
            "score": 0.7768495248135031,
            "matrix": [
                [
                    -2.550480424159102,
                    0.11706561429578095,
                    -0.935151132755102,
                    336636.4183359642
                ],
                [
                    0.9419854836675172,
                    0.4013470802695783,
                    -2.518877976973309,
                    4336761.903779794
                ],
                [
                    0.029586275589751392,
                    -2.686704032131382,
                    -0.4170233676763102,
                    0.2637631621841094
                ],
                [
                    0.0,
                    0.0,
                    0.0,
                    1.0
                ]
            ],
            "label": "match_11_score_0.7768"
        },
        {
            "score": 0.7753638842430274,
            "matrix": [
                [
                    -0.41690233713404956,
                    -0.17206109988797696,
                    1.0789387316798276,
                    336614.55258250603
                ],
                [
                    -1.0924980067659147,
                    0.052200921201281884,
                    -0.4138170327084292,
                    4336773.122435026
                ],
                [
                    0.012724544236980925,
                    -1.1555048287447547,
                    -0.17935452111079858,
                    0.1134399635775811
                ],
                [
                    0.0,
                    0.0,
                    0.0,
                    1.0
                ]
            ],
            "label": "match_12_score_0.7754"
        },
        {
            "score": 0.7569373336935028,
            "matrix": [
                [
                    2.594682766069047,
                    -0.12397718785304458,
                    0.9828154526825199,
                    336625.83558432513
                ],
                [
                    -0.9901430506933684,
                    -0.4086451122339451,
                    2.5624794877395902,
                    4336744.909307925
                ],
                [
                    0.030220792562829706,
                    -2.7443239682687928,
                    -0.4259669876381467,
                    0.26941991349675515
                ],
                [
                    0.0,
                    0.0,
                    0.0,
                    1.0
                ]
            ],